age,salary,experience,department
-1.027635384150731,-0.2373563316387706,-0.9802848036984064,HR
-1.4680505487867588,-1.6938610939675909,-1.1522645938209335,IT
1.7616606585441106,1.812539259786976,2.115351418507087,IT
0.2936101097573517,0.194200634977176,0.0515939370367581,IT
0.0,-0.2373563316387706,-0.2923656432082966,IT
-0.4404151646360276,-0.614968677427724,-0.464345433330824,IT
1.3212454939080829,1.2730930515170429,1.25545246789445,Finance
0.8808303292720553,0.841536084901096,0.7395130975268679,Finance
